sample_id,BRCA2_status,group
BRCA2_MUT_001,Mutant,BRCA2_MUT
BRCA2_MUT_002,Mutant,BRCA2_MUT
BRCA2_MUT_003,Mutant,BRCA2_MUT
BRCA2_MUT_004,Mutant,BRCA2_MUT
BRCA2_MUT_005,Mutant,BRCA2_MUT
BRCA2_MUT_006,Mutant,BRCA2_MUT
BRCA2_MUT_007,Mutant,BRCA2_MUT
BRCA2_MUT_008,Mutant,BRCA2_MUT
BRCA2_MUT_009,Mutant,BRCA2_MUT
BRCA2_MUT_010,Mutant,BRCA2_MUT
BRCA2_MUT_011,Mutant,BRCA2_MUT
BRCA2_MUT_012,Mutant,BRCA2_MUT
BRCA2_MUT_013,Mutant,BRCA2_MUT
BRCA2_WT_001,Wildtype,BRCA2_WT
BRCA2_WT_002,Wildtype,BRCA2_WT
BRCA2_WT_003,Wildtype,BRCA2_WT
BRCA2_WT_004,Wildtype,BRCA2_WT
BRCA2_WT_005,Wildtype,BRCA2_WT
BRCA2_WT_006,Wildtype,BRCA2_WT
BRCA2_WT_007,Wildtype,BRCA2_WT
BRCA2_WT_008,Wildtype,BRCA2_WT
BRCA2_WT_009,Wildtype,BRCA2_WT
BRCA2_WT_010,Wildtype,BRCA2_WT
BRCA2_WT_011,Wildtype,BRCA2_WT
BRCA2_WT_012,Wildtype,BRCA2_WT
BRCA2_WT_013,Wildtype,BRCA2_WT
BRCA2_WT_014,Wildtype,BRCA2_WT
BRCA2_WT_015,Wildtype,BRCA2_WT
BRCA2_WT_016,Wildtype,BRCA2_WT
BRCA2_WT_017,Wildtype,BRCA2_WT
BRCA2_WT_018,Wildtype,BRCA2_WT
BRCA2_WT_019,Wildtype,BRCA2_WT
BRCA2_WT_020,Wildtype,BRCA2_WT
BRCA2_WT_021,Wildtype,BRCA2_WT
BRCA2_WT_022,Wildtype,BRCA2_WT
BRCA2_WT_023,Wildtype,BRCA2_WT
BRCA2_WT_024,Wildtype,BRCA2_WT
BRCA2_WT_025,Wildtype,BRCA2_WT
BRCA2_WT_026,Wildtype,BRCA2_WT
BRCA2_WT_027,Wildtype,BRCA2_WT
BRCA2_WT_028,Wildtype,BRCA2_WT
BRCA2_WT_029,Wildtype,BRCA2_WT
BRCA2_WT_030,Wildtype,BRCA2_WT
BRCA2_WT_031,Wildtype,BRCA2_WT
BRCA2_WT_032,Wildtype,BRCA2_WT
BRCA2_WT_033,Wildtype,BRCA2_WT
BRCA2_WT_034,Wildtype,BRCA2_WT
BRCA2_WT_035,Wildtype,BRCA2_WT
BRCA2_WT_036,Wildtype,BRCA2_WT
BRCA2_WT_037,Wildtype,BRCA2_WT
BRCA2_WT_038,Wildtype,BRCA2_WT
BRCA2_WT_039,Wildtype,BRCA2_WT
BRCA2_WT_040,Wildtype,BRCA2_WT
BRCA2_WT_041,Wildtype,BRCA2_WT
BRCA2_WT_042,Wildtype,BRCA2_WT
BRCA2_WT_043,Wildtype,BRCA2_WT
BRCA2_WT_044,Wildtype,BRCA2_WT
BRCA2_WT_045,Wildtype,BRCA2_WT
BRCA2_WT_046,Wildtype,BRCA2_WT
BRCA2_WT_047,Wildtype,BRCA2_WT
BRCA2_WT_048,Wildtype,BRCA2_WT
BRCA2_WT_049,Wildtype,BRCA2_WT
BRCA2_WT_050,Wildtype,BRCA2_WT
BRCA2_WT_051,Wildtype,BRCA2_WT
BRCA2_WT_052,Wildtype,BRCA2_WT
BRCA2_WT_053,Wildtype,BRCA2_WT
BRCA2_WT_054,Wildtype,BRCA2_WT
BRCA2_WT_055,Wildtype,BRCA2_WT
BRCA2_WT_056,Wildtype,BRCA2_WT
BRCA2_WT_057,Wildtype,BRCA2_WT
BRCA2_WT_058,Wildtype,BRCA2_WT
BRCA2_WT_059,Wildtype,BRCA2_WT
BRCA2_WT_060,Wildtype,BRCA2_WT
BRCA2_WT_061,Wildtype,BRCA2_WT
BRCA2_WT_062,Wildtype,BRCA2_WT
BRCA2_WT_063,Wildtype,BRCA2_WT
BRCA2_WT_064,Wildtype,BRCA2_WT
BRCA2_WT_065,Wildtype,BRCA2_WT
BRCA2_WT_066,Wildtype,BRCA2_WT
BRCA2_WT_067,Wildtype,BRCA2_WT
BRCA2_WT_068,Wildtype,BRCA2_WT
BRCA2_WT_069,Wildtype,BRCA2_WT
BRCA2_WT_070,Wildtype,BRCA2_WT
BRCA2_WT_071,Wildtype,BRCA2_WT
BRCA2_WT_072,Wildtype,BRCA2_WT
BRCA2_WT_073,Wildtype,BRCA2_WT
BRCA2_WT_074,Wildtype,BRCA2_WT
BRCA2_WT_075,Wildtype,BRCA2_WT
BRCA2_WT_076,Wildtype,BRCA2_WT
BRCA2_WT_077,Wildtype,BRCA2_WT
BRCA2_WT_078,Wildtype,BRCA2_WT
BRCA2_WT_079,Wildtype,BRCA2_WT
BRCA2_WT_080,Wildtype,BRCA2_WT
BRCA2_WT_081,Wildtype,BRCA2_WT
BRCA2_WT_082,Wildtype,BRCA2_WT
BRCA2_WT_083,Wildtype,BRCA2_WT
BRCA2_WT_084,Wildtype,BRCA2_WT
BRCA2_WT_085,Wildtype,BRCA2_WT
BRCA2_WT_086,Wildtype,BRCA2_WT
BRCA2_WT_087,Wildtype,BRCA2_WT
BRCA2_WT_088,Wildtype,BRCA2_WT
BRCA2_WT_089,Wildtype,BRCA2_WT
BRCA2_WT_090,Wildtype,BRCA2_WT
BRCA2_WT_091,Wildtype,BRCA2_WT
BRCA2_WT_092,Wildtype,BRCA2_WT
BRCA2_WT_093,Wildtype,BRCA2_WT
BRCA2_WT_094,Wildtype,BRCA2_WT
BRCA2_WT_095,Wildtype,BRCA2_WT
BRCA2_WT_096,Wildtype,BRCA2_WT
BRCA2_WT_097,Wildtype,BRCA2_WT
BRCA2_WT_098,Wildtype,BRCA2_WT
BRCA2_WT_099,Wildtype,BRCA2_WT
BRCA2_WT_100,Wildtype,BRCA2_WT
BRCA2_WT_101,Wildtype,BRCA2_WT
BRCA2_WT_102,Wildtype,BRCA2_WT
BRCA2_WT_103,Wildtype,BRCA2_WT
BRCA2_WT_104,Wildtype,BRCA2_WT
BRCA2_WT_105,Wildtype,BRCA2_WT
BRCA2_WT_106,Wildtype,BRCA2_WT
BRCA2_WT_107,Wildtype,BRCA2_WT
BRCA2_WT_108,Wildtype,BRCA2_WT
BRCA2_WT_109,Wildtype,BRCA2_WT
BRCA2_WT_110,Wildtype,BRCA2_WT
BRCA2_WT_111,Wildtype,BRCA2_WT
BRCA2_WT_112,Wildtype,BRCA2_WT
BRCA2_WT_113,Wildtype,BRCA2_WT
BRCA2_WT_114,Wildtype,BRCA2_WT
BRCA2_WT_115,Wildtype,BRCA2_WT
BRCA2_WT_116,Wildtype,BRCA2_WT
BRCA2_WT_117,Wildtype,BRCA2_WT
BRCA2_WT_118,Wildtype,BRCA2_WT
BRCA2_WT_119,Wildtype,BRCA2_WT
BRCA2_WT_120,Wildtype,BRCA2_WT
BRCA2_WT_121,Wildtype,BRCA2_WT
BRCA2_WT_122,Wildtype,BRCA2_WT
BRCA2_WT_123,Wildtype,BRCA2_WT
BRCA2_WT_124,Wildtype,BRCA2_WT
BRCA2_WT_125,Wildtype,BRCA2_WT
BRCA2_WT_126,Wildtype,BRCA2_WT
BRCA2_WT_127,Wildtype,BRCA2_WT
BRCA2_WT_128,Wildtype,BRCA2_WT
BRCA2_WT_129,Wildtype,BRCA2_WT
BRCA2_WT_130,Wildtype,BRCA2_WT
BRCA2_WT_131,Wildtype,BRCA2_WT
BRCA2_WT_132,Wildtype,BRCA2_WT
BRCA2_WT_133,Wildtype,BRCA2_WT
BRCA2_WT_134,Wildtype,BRCA2_WT
BRCA2_WT_135,Wildtype,BRCA2_WT
BRCA2_WT_136,Wildtype,BRCA2_WT
BRCA2_WT_137,Wildtype,BRCA2_WT
BRCA2_WT_138,Wildtype,BRCA2_WT
BRCA2_WT_139,Wildtype,BRCA2_WT
BRCA2_WT_140,Wildtype,BRCA2_WT
BRCA2_WT_141,Wildtype,BRCA2_WT
BRCA2_WT_142,Wildtype,BRCA2_WT
BRCA2_WT_143,Wildtype,BRCA2_WT
BRCA2_WT_144,Wildtype,BRCA2_WT
BRCA2_WT_145,Wildtype,BRCA2_WT
BRCA2_WT_146,Wildtype,BRCA2_WT
BRCA2_WT_147,Wildtype,BRCA2_WT
BRCA2_WT_148,Wildtype,BRCA2_WT
BRCA2_WT_149,Wildtype,BRCA2_WT
BRCA2_WT_150,Wildtype,BRCA2_WT
BRCA2_WT_151,Wildtype,BRCA2_WT
BRCA2_WT_152,Wildtype,BRCA2_WT
BRCA2_WT_153,Wildtype,BRCA2_WT
BRCA2_WT_154,Wildtype,BRCA2_WT
BRCA2_WT_155,Wildtype,BRCA2_WT
BRCA2_WT_156,Wildtype,BRCA2_WT
BRCA2_WT_157,Wildtype,BRCA2_WT
BRCA2_WT_158,Wildtype,BRCA2_WT
BRCA2_WT_159,Wildtype,BRCA2_WT
BRCA2_WT_160,Wildtype,BRCA2_WT
BRCA2_WT_161,Wildtype,BRCA2_WT
BRCA2_WT_162,Wildtype,BRCA2_WT
BRCA2_WT_163,Wildtype,BRCA2_WT
BRCA2_WT_164,Wildtype,BRCA2_WT
BRCA2_WT_165,Wildtype,BRCA2_WT
BRCA2_WT_166,Wildtype,BRCA2_WT
BRCA2_WT_167,Wildtype,BRCA2_WT
BRCA2_WT_168,Wildtype,BRCA2_WT
BRCA2_WT_169,Wildtype,BRCA2_WT
BRCA2_WT_170,Wildtype,BRCA2_WT
BRCA2_WT_171,Wildtype,BRCA2_WT
BRCA2_WT_172,Wildtype,BRCA2_WT
BRCA2_WT_173,Wildtype,BRCA2_WT
BRCA2_WT_174,Wildtype,BRCA2_WT
BRCA2_WT_175,Wildtype,BRCA2_WT
BRCA2_WT_176,Wildtype,BRCA2_WT
BRCA2_WT_177,Wildtype,BRCA2_WT
BRCA2_WT_178,Wildtype,BRCA2_WT
BRCA2_WT_179,Wildtype,BRCA2_WT
BRCA2_WT_180,Wildtype,BRCA2_WT
BRCA2_WT_181,Wildtype,BRCA2_WT
BRCA2_WT_182,Wildtype,BRCA2_WT
BRCA2_WT_183,Wildtype,BRCA2_WT
BRCA2_WT_184,Wildtype,BRCA2_WT
BRCA2_WT_185,Wildtype,BRCA2_WT
BRCA2_WT_186,Wildtype,BRCA2_WT
BRCA2_WT_187,Wildtype,BRCA2_WT
BRCA2_WT_188,Wildtype,BRCA2_WT
BRCA2_WT_189,Wildtype,BRCA2_WT
BRCA2_WT_190,Wildtype,BRCA2_WT
BRCA2_WT_191,Wildtype,BRCA2_WT
BRCA2_WT_192,Wildtype,BRCA2_WT
BRCA2_WT_193,Wildtype,BRCA2_WT
BRCA2_WT_194,Wildtype,BRCA2_WT
BRCA2_WT_195,Wildtype,BRCA2_WT
BRCA2_WT_196,Wildtype,BRCA2_WT
BRCA2_WT_197,Wildtype,BRCA2_WT
BRCA2_WT_198,Wildtype,BRCA2_WT
BRCA2_WT_199,Wildtype,BRCA2_WT
BRCA2_WT_200,Wildtype,BRCA2_WT
BRCA2_WT_201,Wildtype,BRCA2_WT
BRCA2_WT_202,Wildtype,BRCA2_WT
BRCA2_WT_203,Wildtype,BRCA2_WT
BRCA2_WT_204,Wildtype,BRCA2_WT
BRCA2_WT_205,Wildtype,BRCA2_WT
BRCA2_WT_206,Wildtype,BRCA2_WT
BRCA2_WT_207,Wildtype,BRCA2_WT
BRCA2_WT_208,Wildtype,BRCA2_WT
BRCA2_WT_209,Wildtype,BRCA2_WT
BRCA2_WT_210,Wildtype,BRCA2_WT
BRCA2_WT_211,Wildtype,BRCA2_WT
BRCA2_WT_212,Wildtype,BRCA2_WT
BRCA2_WT_213,Wildtype,BRCA2_WT
BRCA2_WT_214,Wildtype,BRCA2_WT
BRCA2_WT_215,Wildtype,BRCA2_WT
BRCA2_WT_216,Wildtype,BRCA2_WT
BRCA2_WT_217,Wildtype,BRCA2_WT
BRCA2_WT_218,Wildtype,BRCA2_WT
BRCA2_WT_219,Wildtype,BRCA2_WT
BRCA2_WT_220,Wildtype,BRCA2_WT
BRCA2_WT_221,Wildtype,BRCA2_WT
BRCA2_WT_222,Wildtype,BRCA2_WT
BRCA2_WT_223,Wildtype,BRCA2_WT
BRCA2_WT_224,Wildtype,BRCA2_WT
BRCA2_WT_225,Wildtype,BRCA2_WT
BRCA2_WT_226,Wildtype,BRCA2_WT
BRCA2_WT_227,Wildtype,BRCA2_WT
BRCA2_WT_228,Wildtype,BRCA2_WT
BRCA2_WT_229,Wildtype,BRCA2_WT
BRCA2_WT_230,Wildtype,BRCA2_WT
BRCA2_WT_231,Wildtype,BRCA2_WT
BRCA2_WT_232,Wildtype,BRCA2_WT
BRCA2_WT_233,Wildtype,BRCA2_WT
BRCA2_WT_234,Wildtype,BRCA2_WT
BRCA2_WT_235,Wildtype,BRCA2_WT
BRCA2_WT_236,Wildtype,BRCA2_WT
BRCA2_WT_237,Wildtype,BRCA2_WT
BRCA2_WT_238,Wildtype,BRCA2_WT
BRCA2_WT_239,Wildtype,BRCA2_WT
BRCA2_WT_240,Wildtype,BRCA2_WT
BRCA2_WT_241,Wildtype,BRCA2_WT
BRCA2_WT_242,Wildtype,BRCA2_WT
BRCA2_WT_243,Wildtype,BRCA2_WT
BRCA2_WT_244,Wildtype,BRCA2_WT
BRCA2_WT_245,Wildtype,BRCA2_WT
BRCA2_WT_246,Wildtype,BRCA2_WT
BRCA2_WT_247,Wildtype,BRCA2_WT
BRCA2_WT_248,Wildtype,BRCA2_WT
BRCA2_WT_249,Wildtype,BRCA2_WT
BRCA2_WT_250,Wildtype,BRCA2_WT
BRCA2_WT_251,Wildtype,BRCA2_WT
BRCA2_WT_252,Wildtype,BRCA2_WT
BRCA2_WT_253,Wildtype,BRCA2_WT
BRCA2_WT_254,Wildtype,BRCA2_WT
BRCA2_WT_255,Wildtype,BRCA2_WT
BRCA2_WT_256,Wildtype,BRCA2_WT
BRCA2_WT_257,Wildtype,BRCA2_WT
BRCA2_WT_258,Wildtype,BRCA2_WT
BRCA2_WT_259,Wildtype,BRCA2_WT
BRCA2_WT_260,Wildtype,BRCA2_WT
BRCA2_WT_261,Wildtype,BRCA2_WT
BRCA2_WT_262,Wildtype,BRCA2_WT
BRCA2_WT_263,Wildtype,BRCA2_WT
BRCA2_WT_264,Wildtype,BRCA2_WT
BRCA2_WT_265,Wildtype,BRCA2_WT
BRCA2_WT_266,Wildtype,BRCA2_WT
BRCA2_WT_267,Wildtype,BRCA2_WT
BRCA2_WT_268,Wildtype,BRCA2_WT
BRCA2_WT_269,Wildtype,BRCA2_WT
BRCA2_WT_270,Wildtype,BRCA2_WT
BRCA2_WT_271,Wildtype,BRCA2_WT
BRCA2_WT_272,Wildtype,BRCA2_WT
BRCA2_WT_273,Wildtype,BRCA2_WT
BRCA2_WT_274,Wildtype,BRCA2_WT
BRCA2_WT_275,Wildtype,BRCA2_WT
BRCA2_WT_276,Wildtype,BRCA2_WT
BRCA2_WT_277,Wildtype,BRCA2_WT
BRCA2_WT_278,Wildtype,BRCA2_WT
BRCA2_WT_279,Wildtype,BRCA2_WT
BRCA2_WT_280,Wildtype,BRCA2_WT
BRCA2_WT_281,Wildtype,BRCA2_WT
BRCA2_WT_282,Wildtype,BRCA2_WT
BRCA2_WT_283,Wildtype,BRCA2_WT
BRCA2_WT_284,Wildtype,BRCA2_WT
BRCA2_WT_285,Wildtype,BRCA2_WT
BRCA2_WT_286,Wildtype,BRCA2_WT
BRCA2_WT_287,Wildtype,BRCA2_WT
